{"mean": [48.928167, 10.130667, 1.133229, 3.246327, 1.904333, 5.5935, 21.03751, 261.991978, 32.07372, 10.206285, 6.799068, 20.985577, 11.522987, -0.084198, 0.699567, 0.231286, 0.451366, 0.188123, 0.002583, 116.246833, 21.269017, 12.551034, 43.711333, 0.252195, 0.284985, 0.0, 0.204333, 0.200167, 0.198167, 0.1985, 0.198833], "scale": [48.024948, 9.848533, 1.575599, 3.906566, 3.589083, 6.828538, 7.582831, 325.911728, 12.265293, 7.361701, 3.604083, 10.680015, 13.640491, 4.574477, 0.288559, 0.27322, 0.299777, 0.287379, 0.445479, 95.295351, 28.758441, 14.799293, 42.164966, 0.290084, 0.237807, 1.0, 0.403214, 0.400125, 0.398618, 0.398871, 0.399122], "feature_names": ["recency_dias", "freq_total", "freq_semanal", "freq_mensual", "interacciones_ultimo_mes", "interacciones_ultimo_trim", "ticket_promedio", "ticket_total", "ticket_max", "ticket_min", "ticket_std", "ticket_ultimo", "ticket_ultimo_mes", "ticket_trend", "diversidad_canal", "pct_insatisfecho", "pct_satisfecho", "pct_insatisfecho_reciente", "sat_trend", "tenure_dias", "gap_mean", "gap_std", "gap_max", "regularidad", "weekend_ratio", "night_ratio", "canal_WhatsApp", "canal_Instagram", "canal_Rappi", "canal_PedidosYa", "canal_Presencial"]}